10c82706e9c282055806bd7cacf2443c5e040a91	100644	pom.xml
68659f0d636af1995de9756ee93faa84e4e383b2	100644	src/main/java/dev/oreslang/ast/Ast.java
1640c99754cc4b34b932b0514f368b8d274e178c	100644	src/main/java/dev/oreslang/compiler/IncrementalCompiler.java
80c76f972d5722474d3c29b64523fac8446129cf	100644	src/main/java/dev/oreslang/compiler/OresCompiler.java
7fb9fdc67b2abe64bf5f98c81431613058554082	100644	src/main/java/dev/oreslang/launcher/OresMain.java
e2999c9b888754529a585e18481a70da8f9d01b6	100644	src/main/java/dev/oreslang/nodes/OresEvalRootNode.java
62ac55ad410d3e07d9494b73b3f658d43de70351	100644	src/main/java/dev/oreslang/nodes/OresInteropRootNode.java
6e08b56aaa187ceb8e1508edefe2293d38e1070a	100644	src/main/java/dev/oreslang/OresLanguage.java
552e0e67adf3bcb23fa550a379832b9a4c5c1cc5	100644	src/main/java/dev/oreslang/parser/Lexer.java
a547fa94cf6d003e6335e0fba26f6a0a99dda505	100644	src/main/java/dev/oreslang/parser/Parser.java
c7a119658ea5a23b8ee6d653b20ddc99ce9e76c7	100644	src/main/java/dev/oreslang/parser/Token.java
c3f0041397a24d36048954fa010c13da0ee95eff	100644	src/main/java/dev/oreslang/runtime/ActorRuntime.java
2377f22960e4704b59c834a5dfca32cb891325f7	100644	src/main/java/dev/oreslang/runtime/CapabilityChecker.java
cfd11c6b104b5ad80fb0ea1353a9dc3561efdb84	100644	src/main/java/dev/oreslang/runtime/ExecutionProfile.java
c3ee912eadd233db68f82c79b595f502c3424422	100644	src/main/java/dev/oreslang/runtime/GcRuntime.java
44a0b75f5c32d7ede87bd6c949e063db20294db5	100644	src/main/java/dev/oreslang/runtime/HotReloadManager.java
87b178bcfb1389851816b3a40ad65517a0d552c7	100644	src/main/java/dev/oreslang/runtime/IsolatePolicy.java
cd5a5d4a841f8c212791e56809594eaec172ffcf	100644	src/main/java/dev/oreslang/runtime/OresContext.java
14a4adf94738ac42311bb1777c576e761804d402	100644	src/main/java/dev/oreslang/runtime/OresNull.java
0b869aabf2eb78e12156fa1f648acdefd1788058	100644	src/main/java/dev/oreslang/runtime/OresValues.java
ccab955c809743afb35cac4d6c5933cb05d6b390	100644	src/main/java/dev/oreslang/runtime/ProcessSingletonRegistry.java
d3f8125c3c77623365121798833a8884ddb5a25b	100644	src/main/java/dev/oreslang/types/OwnershipChecker.java
ea3ec04223bfdd0f4d3032dc754a2f5d7f110b2c	100644	src/main/java/dev/oreslang/types/TraitComposer.java
0a1af5c4f3125a78f65d4c18e9dd6a20a3ea8bc8	100644	src/main/java/dev/oreslang/types/TypeChecker.java
ad4094e4c8311c033bb1efa83ab21acda740ff98	100644	src/main/java/dev/oreslang/types/Types.java
20a591ba34970babf007c781addcb0f4871c675a	100644	src/main/java/module-info.java
1bdcd72c08f66e1e920d88d5928590cc6770aa95	100644	src/main/resources/META-INF/native-image/dev.oreslang/oreslang/native-image.properties
