32b727dfb92940b18f4e79fec4e037d907fd24e5	100644	.gitignore
494757f7fde87a72f4fa22a80d6adb53d85d7059	100644	.oreslangc.cfg.toml
f71f24b8eb9123c145e6528a486ac15461882510	100644	docs/ADAPTER_CONTRACT.md
55b38672144068c2069e052f299c379d08d11d5b	100644	docs/DESIGN.md
253a9e2adad07d19494d87388b881c0c4de7071c	100644	justfile
d494dcb2b256c08c2a239d58b7ee23b7d5a68c37	100644	README.md
009efe2d617a35816f5a546d09c2b3514ecf34bc	100755	scripts/test.sh
7e448d4e13de1e0c163c73424c85b37b969aef3a	100644	src/http_routing.ores
7503dc249e06dba3432eb0d80ce560612d23f8d2	100644	tests/expected.txt
958c62354b2248aa9cd8ac97ee1da4a85d6891fb	100644	tests/router_semantics.ores
